objective_id,domain,domain_weight_pct,service,objective,trigger,correct,why,distractors
SAA-001,Security,30,IAM,Use temporary credentials for EC2 workloads,application on EC2 needs AWS access without stored keys,Attach an IAM role through an EC2 instance profile,The instance receives automatically rotated temporary credentials.,Store IAM user keys in environment variables | Embed credentials in application code | Make the target resource public
SAA-002,Security,30,IAM,Grant cross-account access,principal in another AWS account needs controlled access,Create a role with a trust policy and grant the external principal permission to assume it,Cross-account access requires both a trusting role and permission to assume it.,Share an IAM user access key | Use a security group referencing the other account | Create identical users in both accounts
SAA-003,Security,30,IAM,Apply least privilege,workload needs only a small set of actions on specific resources,Use a scoped identity policy with only required actions and resource ARNs,Least privilege limits blast radius and unintended access.,Attach AdministratorAccess | Use the root user for the workload | Grant wildcard actions and rely on application checks
SAA-004,Security,30,IAM,Enforce permissions across an organization,member accounts must not exceed central guardrails,Apply an AWS Organizations service control policy,SCPs define the maximum available permissions for member accounts.,Use security groups in each account | Create an IAM group in the management account | Use an S3 bucket ACL
SAA-005,Security,30,IAM,Provide workforce SSO,employees need centralized access to multiple AWS accounts,Use IAM Identity Center with permission sets,Identity Center centralizes workforce authentication and account access.,Create long-term IAM users in every account | Share the root credentials | Use Cognito user pools for console administrators
SAA-006,Security,30,KMS,Control encryption keys for S3,company must control and revoke permissions to the encryption key,Use SSE-KMS with a customer managed KMS key,"A customer managed key provides policy, grant, audit, and revocation control.",Use SSE-S3 only | Use client-side base64 encoding | Make the bucket private without encryption
SAA-007,Security,30,KMS,Allow a service to use a KMS key,AWS service is denied while encrypting on behalf of an application,Update the KMS key policy or create an appropriate grant,KMS authorization must allow the principal or service to use the key.,Open the resource security group | Add a route to the KMS public endpoint | Disable encryption
SAA-008,Security,30,KMS,Reduce S3 KMS request cost,high-volume SSE-KMS S3 workload generates many KMS requests,Enable S3 Bucket Keys,S3 Bucket Keys reduce calls from S3 to KMS while retaining SSE-KMS.,Rotate the key every day | Use a larger KMS key | Enable S3 Transfer Acceleration
SAA-009,Security,30,KMS,Encrypt EBS by default,all newly created EBS volumes in a region must be encrypted,Enable EBS encryption by default and specify a KMS key,The account-level regional setting automatically encrypts new volumes.,Encrypt only AMI names | Use a network ACL | Enable detailed monitoring
SAA-010,Security,30,KMS,Rotate application secrets safely,database password must rotate without changing application code,Store the credential in Secrets Manager and configure rotation,Secrets Manager can rotate supported secrets and applications can retrieve the current value.,Put the password in EC2 user data | Use a fixed SecureString parameter without rotation | Bake the password into an AMI
SAA-011,Security,30,S3 Security,Keep an S3 origin private behind CloudFront,users must not bypass CloudFront and access S3 directly,Use CloudFront Origin Access Control and an S3 bucket policy,OAC signs origin requests and the bucket policy can allow only the distribution.,Enable S3 static website hosting publicly | Use only an S3 ACL | Add an internet gateway to the bucket
SAA-012,Security,30,S3 Security,Block accidental public access,organization must prevent public S3 policies and ACLs,Enable S3 Block Public Access at the account and bucket levels,Block Public Access overrides public ACL and policy configurations.,Rely only on object names being hard to guess | Use versioning | Enable Transfer Acceleration
SAA-013,Security,30,S3 Security,Audit S3 API activity,security team must know who changed bucket settings or accessed sensitive objects,Use CloudTrail management events and enable S3 data events where object-level auditing is required,CloudTrail records API identity and request details; data events cover object operations.,Use only CloudWatch CPU metrics | Enable S3 Inventory only | Use Route 53 query logging
SAA-014,Security,30,S3 Security,Require TLS for S3,bucket must reject unencrypted transport,Add a bucket policy that denies requests when aws:SecureTransport is false,The policy condition explicitly rejects HTTP requests.,Enable SSE-S3 | Use an NACL on the bucket | Set a lifecycle rule
SAA-015,Security,30,S3 Security,Prevent deletion of compliance records,objects must be immutable for a defined retention period,Use S3 Object Lock in compliance mode with versioning,"Compliance mode prevents deletion or retention reduction, including by root.",Use S3 Standard-IA | Use MFA on console sign-in only | Disable lifecycle rules
SAA-016,Security,30,Network Security,Filter traffic at the instance level,stateful allow rules are required for ENIs,Use security groups,Security groups are stateful and attach to network interfaces.,Use only route tables | Use a stateless network ACL for application identity | Use IAM permission boundaries
SAA-017,Security,30,Network Security,Filter traffic at the subnet boundary,stateless allow and deny rules are required,Use network ACLs,NACLs are stateless subnet-level controls and support explicit denies.,Use security groups only | Use Route 53 Resolver rules | Use KMS grants
SAA-018,Security,30,Network Security,Inspect VPC traffic centrally,multiple VPCs need managed network firewalling,"Use AWS Network Firewall with centralized routing, often through Transit Gateway",Network Firewall provides managed stateful inspection and rule groups.,Install a browser extension | Use CloudTrail alone | Use S3 Block Public Access
SAA-019,Security,30,Network Security,Protect web applications from injection,internet application must block SQL injection and XSS patterns,Associate an AWS WAF web ACL with CloudFront or the ALB,WAF evaluates layer-7 request patterns and managed rules.,Use Shield Standard alone | Block port 443 | Use an IAM policy
SAA-020,Security,30,Network Security,Protect against large DDoS attacks,business-critical public endpoints need enhanced DDoS response and cost protection,Use AWS Shield Advanced with protected resources and response support,"Shield Advanced adds enhanced detection, response assistance, and eligible cost protection.",Use GuardDuty as an inline firewall | Use only a private subnet for all public users | Enable EBS encryption
SAA-021,Security,30,Detection and Governance,Detect suspicious account activity,identify compromised credentials and anomalous API behavior,Enable Amazon GuardDuty across accounts and regions,"GuardDuty analyzes sources such as CloudTrail, DNS, and VPC flow information for threats.",Use Trusted Advisor only | Use AWS Budgets | Use S3 lifecycle rules
SAA-022,Security,30,Detection and Governance,Record configuration compliance,continuously evaluate resources against desired rules,Use AWS Config rules and an aggregator,Config records resource configuration and evaluates compliance over time.,Use CloudWatch Logs without rules | Use Route 53 health checks | Use ECR image scanning only
SAA-023,Security,30,Detection and Governance,Centralize audit logs,organization needs tamper-resistant logs from every account,Create an organization CloudTrail trail to a protected central log account,An organization trail provides centralized API history beyond member account control.,Ask each team to export logs manually | Store logs on instance volumes | Use only ALB access logs
SAA-024,Security,30,Detection and Governance,Find sensitive data in S3,discover buckets containing sensitive information,Use Amazon Macie,Macie uses managed data identifiers and machine learning to discover sensitive S3 data.,Use Inspector | Use Compute Optimizer | Use Route 53 Resolver
SAA-025,Security,30,Detection and Governance,Assess EC2 and container vulnerabilities,scan supported compute workloads and images for software vulnerabilities,Use Amazon Inspector,Inspector performs continuous vulnerability scanning for supported workloads.,Use Macie | Use AWS Budgets | Use Global Accelerator
SAA-026,Security,30,Secrets and Certificates,Manage public TLS certificates,ALB or CloudFront needs a managed certificate with renewal,Use AWS Certificate Manager,ACM provisions and renews supported public certificates integrated with AWS services.,Store a self-signed certificate in S3 publicly | Use KMS as a certificate authority | Use an IAM access key as a certificate
SAA-027,Security,30,Secrets and Certificates,Issue private certificates,internal workloads need a managed private PKI,Use AWS Private CA,Private CA provides managed private certificate authority capabilities.,Use Route 53 hosted zones | Use Cognito identity pools | Use AWS Backup
SAA-028,Security,30,Secrets and Certificates,Store nonsecret configuration,application needs hierarchical configuration values,Use Systems Manager Parameter Store,Parameter Store is suitable for configuration and supports SecureString where needed.,Use an SQS message as permanent configuration | Use a security group description | Use CloudTrail event history
SAA-029,Security,30,Secrets and Certificates,Share secrets across accounts,workload in another account needs controlled secret retrieval,Use a resource policy on Secrets Manager plus KMS permissions,Cross-account secret access requires both the secret resource policy and encryption-key authorization.,Copy the secret into source code | Email the secret to administrators | Use a public S3 object
SAA-030,Security,30,Secrets and Certificates,Authenticate application users,"consumer application needs registration, sign-in, and tokens",Use Amazon Cognito user pools,User pools provide a managed user directory and standards-based tokens.,Create IAM users for every consumer | Use security groups for user authentication | Use Route 53 weighted routing
SAA-031,Security,30,Private Connectivity,Access S3 privately from a VPC,private subnets need S3 without NAT or internet,Use an S3 gateway VPC endpoint,Gateway endpoints provide private S3 routing without NAT charges.,Use an internet gateway on the private subnet | Use Global Accelerator | Use a NAT gateway only
SAA-032,Security,30,Private Connectivity,Access SQS privately from a VPC,private workloads need SQS without public internet,Use an interface VPC endpoint for SQS,The PrivateLink-powered endpoint provides private IP connectivity to SQS.,Use an S3 gateway endpoint | Assign public IP addresses | Use a peering connection to the SQS service VPC
SAA-033,Security,30,Private Connectivity,Expose a private service to consumers,service provider must offer private cross-VPC access without full network connectivity,Use AWS PrivateLink with an endpoint service and interface endpoints,PrivateLink exposes specific services privately without transitive network access.,Use VPC peering for every consumer and overlapping CIDRs | Publish the service to the internet | Use an S3 access point
SAA-034,Security,30,Private Connectivity,Connect API Gateway to private targets,REST API must reach private ALB or NLB resources,Use API Gateway VPC Link,VPC Link provides managed private integration from API Gateway into a VPC.,Attach a security group directly to API Gateway | Use an internet gateway | Use CloudFront signed cookies
SAA-035,Security,30,Private Connectivity,Resolve hybrid DNS names,on-premises systems and VPCs need bidirectional DNS resolution,Use Route 53 Resolver inbound and outbound endpoints with rules,Resolver endpoints bridge DNS queries between VPC and on-premises networks.,Use public hosted zones only | Use an NAT instance as a DNS server | Use IAM Identity Center
SAA-036,Security,30,Organizations and Accounts,Create a governed multi-account environment,organization needs account vending and preventive controls,Use AWS Control Tower with Organizations,Control Tower establishes a landing zone and applies governance controls.,Create all workloads in one account | Use Route 53 domains for governance | Use an Auto Scaling group
SAA-037,Security,30,Organizations and Accounts,Separate security logs from workloads,workload administrators must not alter centralized logs,Use a dedicated log archive account with restrictive SCPs and bucket policies,Account separation and guardrails reduce tampering risk.,Store logs in each workload account root volume | Give all developers bucket administrator access | Disable CloudTrail after exporting
SAA-038,Security,30,Organizations and Accounts,Delegate security administration,security team needs centralized management of supported services without management-account daily use,Configure delegated administrator accounts,Delegated administration limits use of the management account while centralizing service administration.,Share management-account root credentials | Create IAM users with identical passwords | Use a VPC endpoint policy
SAA-039,Security,30,Organizations and Accounts,Restrict regions,member accounts must use only approved AWS regions,Use an SCP that denies actions outside approved regions with required global-service exceptions,SCP conditions can limit regional API use while preserving necessary global services.,Delete route tables in other regions | Use a security group | Use AWS Budgets only
SAA-040,Security,30,Organizations and Accounts,Standardize account creation,"new accounts need baseline networks, logging, and roles",Use Account Factory or an automated account vending pipeline,Automated account provisioning applies repeatable baselines.,Clone an EC2 instance manually | Copy root credentials | Use S3 replication
SAA-041,Security,30,CloudFront Access,Restrict premium downloads,only authorized users may access private CloudFront content,Use CloudFront signed URLs or signed cookies with a trusted key group,Signed access controls viewer authorization for private distributions.,Use an S3 public ACL | Use Route 53 health checks | Use EBS snapshots
SAA-042,Security,30,CloudFront Access,Apply geolocation restrictions,content must be blocked or allowed by country,Use CloudFront geographic restrictions or AWS WAF geo match rules,These controls evaluate viewer geography at the edge.,Use EC2 placement groups | Use KMS rotation | Use DynamoDB TTL
SAA-043,Security,30,CloudFront Access,Secure origin communication,CloudFront must use HTTPS to a custom origin,Set the origin protocol policy to HTTPS only and use a valid certificate,This encrypts CloudFront-to-origin traffic.,Set viewer protocol only and allow HTTP to origin | Use an NACL on CloudFront | Use IAM users
SAA-044,Security,30,CloudFront Access,Protect origin from direct requests,custom origin should accept traffic only from the distribution,Use a secret custom header validated at the origin and restrict network access where supported,A shared header and origin restrictions reduce bypass paths.,Publish the origin DNS name | Allow 0.0.0.0/0 on every port | Disable TLS
SAA-045,Security,30,CloudFront Access,Run edge authorization logic,request needs lightweight authentication or header logic near viewers,Use CloudFront Functions or Lambda@Edge according to runtime requirements,Edge compute can evaluate and transform viewer or origin requests.,Use EBS Multi-Attach | Use DMS CDC | Use Storage Gateway
SAA-046,Security,30,Database Security,Authenticate RDS without long-lived passwords,application needs temporary database authentication,Use IAM database authentication for a supported RDS or Aurora engine,IAM DB authentication uses short-lived signed tokens.,Store a permanent password in code | Use a public database endpoint | Use an S3 presigned URL
SAA-047,Security,30,Database Security,Protect an RDS database in private subnets,database must not be directly reachable from the internet,Place RDS in private subnets and allow only application security groups,Private placement and SG referencing limit network exposure.,Assign an Elastic IP to RDS | Open port 3306 to the internet | Use a public S3 bucket
SAA-048,Security,30,Database Security,Encrypt database replicas,encrypted RDS database requires encrypted read replicas and snapshots,Use KMS-backed encryption and copy snapshots with an appropriate key when crossing regions,Encryption propagates according to service rules and cross-region copies need key configuration.,Turn off encryption during replication | Use security groups as encryption | Use Route 53 DNSSEC
SAA-049,Security,30,Database Security,Audit database activity,regulated database needs detailed activity monitoring,Use engine-native audit features or Database Activity Streams where supported,Database-level auditing captures activity beyond infrastructure API calls.,Use only CloudTrail management events | Use CloudFront access logs | Use S3 Transfer Acceleration
SAA-050,Security,30,Database Security,Protect DynamoDB access by item,mobile users may access only their own partition-key items,Use Cognito identities with IAM conditions such as LeadingKeys,Fine-grained IAM conditions restrict operations to authorized partition keys.,Make the table public | Use a security group on DynamoDB | Give every user the same administrator key
SAA-051,Resilience,26,EC2 and Auto Scaling,Replace unhealthy application instances,load-balanced instances must be replaced after application health failure,Configure the Auto Scaling group to use ELB health checks,The ASG can terminate and replace targets that fail load-balancer checks.,Use EC2 status checks only | Reduce desired capacity | Create a larger instance
SAA-052,Resilience,26,EC2 and Auto Scaling,Survive an Availability Zone failure,stateless application requires high availability,Distribute an Auto Scaling group and load balancer across multiple AZs,Multi-AZ capacity removes a single-AZ dependency.,Run all instances in one AZ | Use one larger instance | Use an Elastic IP only
SAA-053,Resilience,26,EC2 and Auto Scaling,Preserve capacity during deployments,rolling update must avoid dropping below healthy capacity,Use an Auto Scaling instance refresh with suitable minimum healthy percentage,Instance refresh replaces capacity while enforcing health thresholds.,Terminate all instances first | Disable health checks | Use Spot only with no diversification
SAA-054,Resilience,26,EC2 and Auto Scaling,Handle unpredictable traffic,web tier must scale automatically with demand,Use target tracking scaling on a meaningful utilization or request metric,Target tracking adjusts desired capacity to maintain a target value.,Use a fixed fleet sized for peak forever | Scale from a manual email | Use an S3 lifecycle rule
SAA-055,Resilience,26,EC2 and Auto Scaling,Rebalance Spot interruption risk,fault-tolerant fleet needs diverse low-cost capacity,Use an Auto Scaling mixed instances policy with multiple instance types and capacity-optimized Spot allocation,Diversification and capacity optimization reduce interruption concentration.,Use one Spot instance type in one AZ | Use Dedicated Hosts | Use a single Reserved Instance
SAA-056,Resilience,26,RDS and Aurora,Provide automatic database failover,relational database needs standby-based HA,Use RDS Multi-AZ deployment,Multi-AZ maintains synchronous standby capacity and automates failover.,Use a same-AZ read replica | Take weekly snapshots only | Increase storage size
SAA-057,Resilience,26,RDS and Aurora,Scale reads independently,read-heavy relational workload needs more read throughput,Create RDS or Aurora read replicas and direct reads appropriately,Read replicas offload read-only traffic from the writer.,Use Multi-AZ standby as a read endpoint for legacy deployments | Increase backup retention | Use S3 Glacier
SAA-058,Resilience,26,RDS and Aurora,Achieve regional database recovery,critical database needs cross-region low-RPO capability,Use Aurora Global Database or cross-region replicas according to engine and RPO needs,Cross-region replication keeps a secondary region closer to recovery readiness.,Use a local snapshot only | Use one Multi-AZ deployment and assume region protection | Use a larger instance
SAA-059,Resilience,26,RDS and Aurora,Recover from accidental data changes,database needs restoration to a precise recent time,Enable automated backups and use point-in-time recovery,PITR replays transaction logs within the retention window.,Use a read replica as the only backup | Use CloudFront cache | Use an Elastic IP
SAA-060,Resilience,26,RDS and Aurora,Improve Aurora failover behavior,applications need fast reconnection after writer failure,Use the Aurora cluster endpoint and suitable retry/backoff logic,The cluster endpoint follows the current writer after failover.,Hardcode the writer instance IP | Connect through a public NAT gateway | Use an S3 website endpoint
SAA-061,Resilience,26,S3 Durability and Recovery,Recover overwritten objects,users may accidentally overwrite or delete objects,Enable S3 Versioning,Versioning retains prior object versions and delete markers.,Use Transfer Acceleration | Use a public ACL | Use One Zone-IA only
SAA-062,Resilience,26,S3 Durability and Recovery,Replicate objects to another region,S3 data needs asynchronous regional copies,Configure S3 Cross-Region Replication with versioning and required permissions,CRR asynchronously copies eligible objects to another region.,Use Multi-AZ EBS | Use a NAT gateway | Use an ALB
SAA-063,Resilience,26,S3 Durability and Recovery,Replicate existing S3 objects,replication is enabled after a large existing dataset already exists,Use S3 Batch Replication,Batch Replication can replicate existing objects not handled by live replication.,Reupload every object manually | Use CloudFront invalidation | Use DynamoDB Streams
SAA-064,Resilience,26,S3 Durability and Recovery,Protect backups from deletion,backup copies require immutable retention,Use S3 Object Lock or AWS Backup Vault Lock as appropriate,Immutable retention protects recovery data from deletion or alteration.,Use Standard-IA only | Use lifecycle expiration immediately | Give administrators full delete permission
SAA-065,Resilience,26,S3 Durability and Recovery,Validate large data transfers,copied objects must be checked for integrity,Use checksums and DataSync verification or service-native validation,Integrity verification detects transfer corruption or mismatch.,Compare filenames only | Disable encryption | Use Route 53 latency routing
SAA-066,Resilience,26,Route 53 and Global Routing,Fail over between endpoints,DNS should direct users to a healthy secondary endpoint,Use Route 53 failover routing with health checks or Evaluate Target Health,Failover records return the secondary when the primary is unhealthy.,Use simple routing without health checks | Use an MX record | Use a NAT gateway
SAA-067,Resilience,26,Route 53 and Global Routing,Route to the lowest-latency region,global users should reach a responsive regional deployment,Use Route 53 latency-based routing with health evaluation,Latency routing selects the region with lowest measured DNS latency among healthy records.,Use weighted routing with equal weights only | Use a private hosted zone for internet users | Use S3 lifecycle rules
SAA-068,Resilience,26,Route 53 and Global Routing,Shift traffic gradually,deployment needs controlled percentage-based DNS traffic movement,Use Route 53 weighted routing,Weighted records distribute responses according to assigned weights.,Use geoproximity without bias | Use a CNAME at the zone apex | Use an NACL
SAA-069,Resilience,26,Route 53 and Global Routing,Avoid DNS cache delays for endpoint failover,application requires static anycast IPs and rapid traffic redirection,Use AWS Global Accelerator,Global Accelerator routes through static anycast IPs and health-based endpoint selection.,Lower DNS TTL to zero and rely only on caching behavior | Use S3 Transfer Acceleration | Use AWS Backup
SAA-070,Resilience,26,Route 53 and Global Routing,Recover a static website regionally,static site needs secondary-region origin recovery,Replicate S3 content and use CloudFront origin failover or Route 53 failover architecture,A second origin plus health-aware routing preserves availability.,Enable versioning only | Use one origin and a long TTL | Use one larger bucket
SAA-071,Resilience,26,Messaging and Decoupling,Buffer traffic spikes,producer rate can exceed consumer capacity,Place Amazon SQS between producers and consumers,SQS durably buffers messages and decouples processing rates.,Call consumers synchronously only | Increase producer timeout indefinitely | Use an EBS volume as a queue
SAA-072,Resilience,26,Messaging and Decoupling,Handle repeatedly failing messages,bad messages must not block normal queue processing,Configure an SQS dead-letter queue and redrive policy,A DLQ isolates messages that exceed the receive count.,Set visibility timeout to zero | Delete all failed messages immediately | Use a public SNS topic
SAA-073,Resilience,26,Messaging and Decoupling,Fan out events,one event must be delivered to multiple independent consumers,Publish to SNS with separate SQS subscriptions,SNS fanout plus queues gives each consumer a durable independent buffer.,Use one shared SQS queue for all consumers that each need every message | Use a single EC2 cron job | Use EFS locks
SAA-074,Resilience,26,Messaging and Decoupling,Preserve ordering and deduplicate,business events require ordered exactly-once processing semantics within queue constraints,Use an SQS FIFO queue with message group and deduplication IDs,FIFO queues preserve per-group order and suppress duplicates within the deduplication window.,Use a standard queue and sort by arrival time | Use SNS email | Use a NAT gateway
SAA-075,Resilience,26,Messaging and Decoupling,Coordinate distributed workflow steps,long-running workflow needs retries and state transitions,Use AWS Step Functions,"Step Functions models workflow state, retries, catches, and service integrations.",Use one Lambda invocation that waits for days | Use CloudTrail | Use Route 53 Resolver
SAA-076,Resilience,26,Backup and Disaster Recovery,Centralize backups,multiple accounts need policy-based backup management,Use AWS Backup with Organizations policies and a vault,"AWS Backup centralizes schedules, retention, and supported-resource recovery points.",Use manual snapshots in each account only | Use CloudFront logs | Use IAM users
SAA-077,Resilience,26,Backup and Disaster Recovery,Protect backups from account compromise,recovery points must survive workload account deletion or compromise,Copy backups cross-account and apply Vault Lock where required,Separate accounts and immutable retention improve ransomware resilience.,Keep only local snapshots in the workload account | Grant delete to all operators | Disable encryption
SAA-078,Resilience,26,Backup and Disaster Recovery,Implement pilot light DR,critical data stays replicated while compute remains minimal,"Maintain replicated data and core services, then scale compute during recovery",Pilot light balances cost with faster recovery than backup-and-restore.,Run full production capacity in both regions | Keep only offline tapes with no automation | Use one AZ
SAA-079,Resilience,26,Backup and Disaster Recovery,Implement warm standby DR,secondary region should run reduced but functional capacity,Run a scaled-down copy in the recovery region and scale up during failover,Warm standby offers lower RTO than pilot light at higher steady cost.,Keep no running resources | Use DNS only with no secondary stack | Run active-active full capacity
SAA-080,Resilience,26,Backup and Disaster Recovery,Implement backup and restore DR,workload tolerates higher RTO and seeks lowest steady cost,"Back up data and infrastructure definitions, then recreate during recovery",Backup and restore minimizes idle cost but requires the most recovery time.,Use active-active routing | Use one larger instance | Use only Multi-AZ for regional disaster
SAA-081,Resilience,26,Containers and Serverless,Keep ECS service task count healthy,container service must replace stopped or unhealthy tasks,Use an ECS service with desired count and load balancer health checks,The ECS scheduler maintains desired task count and replaces unhealthy tasks.,Run standalone tasks manually | Use one EC2 instance with no scheduler | Use S3 event notifications
SAA-082,Resilience,26,Containers and Serverless,Run containers across AZs,Fargate service must tolerate an AZ outage,Configure subnets in multiple AZs and spread tasks through an ECS service,Multi-AZ task placement avoids a single subnet or AZ dependency.,Use one subnet | Use one large task | Use a Dedicated Host only
SAA-083,Resilience,26,Containers and Serverless,Protect Lambda from downstream overload,serverless concurrency spike can exhaust a database,Set reserved concurrency and use buffering or RDS Proxy,Concurrency controls and connection pooling protect constrained dependencies.,Set no limit and open more database connections per invocation | Use an internet gateway | Use S3 Glacier
SAA-084,Resilience,26,Containers and Serverless,Retry asynchronous Lambda failures,asynchronous events need controlled retries and failure capture,Configure Lambda destinations or a dead-letter queue,Destinations or DLQs preserve failed asynchronous invocation records.,Swallow errors permanently | Use EC2 user data | Use a public IP
SAA-085,Resilience,26,Containers and Serverless,Deploy Lambda safely,new function version needs gradual exposure and automatic rollback,Use aliases with CodeDeploy canary or linear traffic shifting and alarms,Versioned traffic shifting limits blast radius and supports rollback.,Update $LATEST for all traffic immediately | Use Route 53 MX records | Use EBS snapshots
SAA-086,Resilience,26,Data Migration and Replication,Migrate a live database with minimal downtime,source remains online while data is copied and changes continue,Use AWS DMS full load plus CDC,DMS loads existing data and then applies captured source changes for cutover.,Use DataSync for relational transaction logs | Use a one-time snapshot only while writes continue | Use S3 Transfer Acceleration
SAA-087,Resilience,26,Data Migration and Replication,Replicate only ongoing database changes,bulk data is loaded with native tools and source changes must stay synchronized,Use an AWS DMS CDC-only task from a known start position,CDC-only complements a separate bulk load and applies ongoing log changes.,Run repeated full exports | Use Storage Gateway | Use CloudFront
SAA-088,Resilience,26,Data Migration and Replication,Migrate heterogeneous schemas,Oracle schema must be converted for PostgreSQL,"Use AWS Schema Conversion Tool or DMS Schema Conversion, then AWS DMS for data",Schema conversion handles incompatible database objects; DMS moves data.,Use DMS data task alone for all incompatible code | Use DataSync | Use EFS replication
SAA-089,Resilience,26,Data Migration and Replication,Transfer on-premises files repeatedly,NFS or SMB data needs scheduled incremental transfer to AWS storage,Use AWS DataSync with an agent near the source when required,"DataSync performs accelerated, incremental, verified file or object transfers.",Use DMS | Use Route 53 | Use an ALB
SAA-090,Resilience,26,Data Migration and Replication,Transfer petabyte data over a slow link,network transfer would take too long for a one-time migration,Use an AWS Snow Family device and optionally DataSync for deltas,Offline transfer handles bulk data; online delta sync can reduce cutover time.,Use a NAT gateway only | Use CloudWatch Logs | Use an SQS queue as storage
SAA-091,Resilience,26,Storage Resilience,Provide shared POSIX file storage across AZs,Linux instances need a managed regional file system,Use Amazon EFS regional storage class,Regional EFS stores data across multiple AZs and supports concurrent NFS access.,Use instance store | Use one EBS volume in one AZ | Use S3 website hosting
SAA-092,Resilience,26,Storage Resilience,Provide Windows shared storage with HA,Windows applications require managed SMB file shares,Use Amazon FSx for Windows File Server Multi-AZ,Multi-AZ FSx provides managed SMB with standby file server capability.,Use EFS for native SMB | Use instance store | Use S3 Glacier
SAA-093,Resilience,26,Storage Resilience,Recover an EBS volume,block storage needs durable backup and recreation,Create EBS snapshots and copy them where recovery requires,Snapshots are incremental durable backups that can create new volumes.,Use RAID 0 as backup | Use an Elastic IP | Use CloudFront caching
SAA-094,Resilience,26,Storage Resilience,Avoid single-AZ EBS dependency,application data must survive AZ loss,Replicate at the application layer or use a regional managed storage/database service,"An EBS volume is AZ-scoped, so regional resilience requires replication beyond one volume.",Attach the same standard EBS volume to another AZ | Increase volume size | Use a public subnet
SAA-095,Resilience,26,Storage Resilience,Restore EBS performance immediately,new volume from snapshot must deliver full performance without initialization delay,Enable Fast Snapshot Restore in the target AZ,FSR creates fully initialized volumes from enabled snapshots.,Increase DNS TTL | Use S3 lifecycle | Use NAT instance
SAA-096,Resilience,26,Event Routing,Route events by content,many AWS events need rule-based delivery to targets,Use Amazon EventBridge rules and event patterns,EventBridge filters event envelopes and routes matching events.,Use one polling EC2 server | Use EBS snapshots | Use Route 53 geolocation
SAA-097,Resilience,26,Event Routing,Archive and replay events,application needs to replay past events after a defect,Use EventBridge archive and replay,EventBridge can retain matching events and replay them to the event bus.,Use CloudTrail event history as the application queue | Use S3 Glacier Deep Archive with no processing | Use a NAT gateway
SAA-098,Resilience,26,Event Routing,Build durable stream processing,high-volume ordered records need multiple shard consumers,Use Amazon Kinesis Data Streams with suitable retention and enhanced fan-out when needed,Kinesis provides partitioned durable streaming and independent consumers.,Use SNS email | Use one EBS volume | Use Route 53 failover
SAA-099,Resilience,26,Event Routing,Recover failed stream records,Lambda stream consumer needs record-level failure handling,"Use partial batch response, retries, bisect batch, and an on-failure destination where supported",These controls isolate failed records without replaying successful records unnecessarily.,Always discard an entire shard | Disable checkpoints | Use CloudFront
SAA-100,Resilience,26,Event Routing,Decouple event producers from SaaS targets,events must be delivered reliably to an external HTTP endpoint,Use EventBridge API Destinations with a connection and retry/DLQ controls,API Destinations provide managed authenticated HTTP delivery.,Embed the SaaS password in every producer | Use a public S3 bucket | Use EFS
SAA-101,Performance,24,CloudFront and Edge,Reduce global content latency,global users retrieve cacheable static or dynamic content,Place CloudFront in front of the origin,CloudFront caches at edge locations and uses the AWS backbone.,Move the origin to one central region only | Increase origin instance size only | Use S3 Glacier
SAA-102,Performance,24,CloudFront and Edge,Accelerate uploads to S3,globally distributed clients upload large objects to one bucket,Enable S3 Transfer Acceleration,Transfer Acceleration uses edge locations and optimized paths to S3.,Use CloudFront download caching only | Use an EBS gp3 volume | Use Route 53 private DNS
SAA-103,Performance,24,CloudFront and Edge,Improve TCP and UDP application latency,global non-HTTP application needs static IPs and optimized routing,Use AWS Global Accelerator,Global Accelerator supports TCP and UDP and routes over the AWS global network.,Use CloudFront for arbitrary UDP | Use S3 Transfer Acceleration for application traffic | Use a NAT instance
SAA-104,Performance,24,CloudFront and Edge,Control cache freshness,content changes and needs predictable edge refresh,"Set appropriate cache-control headers, cache policies, and invalidations",Cache keys and TTLs determine edge reuse; invalidation removes urgent stale objects.,Disable caching entirely for all content | Increase database IOPS only | Use an SCP
SAA-105,Performance,24,CloudFront and Edge,Optimize origin load,many requests vary only by irrelevant headers or query strings,Use a CloudFront cache policy that includes only required cache-key values,A smaller correct cache key improves hit ratio and reduces origin requests.,Forward every viewer header and cookie | Use a larger NAT gateway | Use EBS encryption
SAA-106,Performance,24,EC2 Performance,Choose compute-optimized instances,CPU-bound workload needs high compute per dollar,Use a compute-optimized EC2 family,Compute-optimized families provide proportionally high CPU resources.,Use storage-optimized instances | Use burstable instances under sustained CPU without credits | Use S3 Glacier
SAA-107,Performance,24,EC2 Performance,Choose memory-optimized instances,in-memory database needs large RAM capacity,Use a memory-optimized EC2 family,Memory-optimized families are designed for large working sets.,Use compute-optimized only | Use a NAT gateway | Use S3 Standard
SAA-108,Performance,24,EC2 Performance,Choose storage-optimized instances,workload requires high local IOPS and throughput,Use a storage-optimized EC2 family with instance storage as appropriate,Storage-optimized families provide high local storage performance.,Use micro burstable instances | Use CloudFront | Use Route 53
SAA-109,Performance,24,EC2 Performance,Provide low-latency cluster networking,tightly coupled HPC nodes need high bisection bandwidth,Use a cluster placement group with compatible enhanced-networking instances,Cluster placement places instances close together for low-latency networking.,Use a spread placement group across many AZs | Use public IP routing | Use SQS between MPI nodes
SAA-110,Performance,24,EC2 Performance,Improve network packet processing,high-throughput network appliance needs enhanced networking,Use supported instances with ENA and appropriate sizing,"ENA provides high bandwidth, packet rate, and lower latency.",Disable enhanced networking | Use EBS snapshots | Use IAM Identity Center
SAA-111,Performance,24,EBS and File Systems,Tune general-purpose EBS independently,application needs adjustable IOPS and throughput at lower cost,Use gp3 and configure IOPS and throughput,gp3 decouples performance settings from volume size.,Use magnetic standard volumes | Use S3 Glacier | Use Route 53 weighted routing
SAA-112,Performance,24,EBS and File Systems,Support sustained high-IOPS database storage,latency-sensitive database requires provisioned consistent IOPS,Use io2 or io2 Block Express where supported,Provisioned IOPS volumes target demanding low-latency workloads.,Use st1 throughput volumes | Use instance store without durability requirements considered | Use CloudFront
SAA-113,Performance,24,EBS and File Systems,Support sequential throughput workload,large streaming or log workload needs low-cost HDD throughput,Use st1 throughput-optimized HDD,st1 is designed for frequently accessed throughput-oriented data.,Use sc1 for active high-throughput data | Use io2 for lowest cost | Use an SQS queue
SAA-114,Performance,24,EBS and File Systems,Provide high-performance parallel file access,HPC or analytics workload reads S3 data with a parallel file system,Use FSx for Lustre linked to S3,FSx for Lustre provides parallel high-throughput access and S3 integration.,Use EFS One Zone for HPC scratch at any scale | Use S3 website hosting | Use DynamoDB DAX
SAA-115,Performance,24,EBS and File Systems,Serve mixed NFS and SMB protocols,applications need one managed file system for Linux and Windows protocols,Use FSx for NetApp ONTAP,ONTAP supports multiprotocol NFS and SMB access.,Use EFS for SMB | Use FSx for Lustre for native SMB shares | Use EBS snapshots
SAA-116,Performance,24,RDS Performance,Reduce repeated relational reads,same database rows are requested frequently,Use ElastiCache and a cache-aside pattern,In-memory caching removes repeat queries from the database.,Enable Multi-AZ only | Increase backup retention | Use S3 replication
SAA-117,Performance,24,RDS Performance,Pool serverless database connections,many Lambda functions create excessive RDS connections,Use Amazon RDS Proxy,RDS Proxy pools and reuses connections and improves failover handling.,Open one new connection per invocation indefinitely | Use a NAT gateway as a proxy | Use Route 53 Resolver
SAA-118,Performance,24,RDS Performance,Scale Aurora reads,read-heavy Aurora workload needs elastic read capacity,Add Aurora Replicas and use the reader endpoint or Aurora Auto Scaling,Replicas and the reader endpoint distribute read traffic.,Send reads to the cluster writer only | Use snapshots | Use S3 Transfer Acceleration
SAA-119,Performance,24,RDS Performance,Improve database storage throughput,RDS workload has storage latency bottleneck,"Select appropriate storage type, provisioned IOPS, and instance class after measuring metrics","Database performance depends on balanced compute, memory, storage, and workload design.",Enable Multi-AZ solely for read throughput | Use CloudFront | Use IAM users
SAA-120,Performance,24,RDS Performance,Reduce cross-region read latency,global read-mostly relational application needs local reads,Use Aurora Global Database secondary clusters or suitable cross-region read replicas,Regional replicas serve reads closer to users.,Use one-region Multi-AZ only | Use a larger writer only | Use a public IP
SAA-121,Performance,24,DynamoDB,Handle unpredictable DynamoDB traffic,table traffic is variable and capacity planning is difficult,Use DynamoDB on-demand capacity mode,On-demand automatically accommodates traffic without provisioned capacity planning.,Use a fixed low provisioned capacity | Use RDS Multi-AZ | Use EFS
SAA-122,Performance,24,DynamoDB,Optimize partition distribution,DynamoDB workload has hot partitions,Choose a high-cardinality partition key and distribute writes,Uniform key distribution spreads requests across partitions.,Use one constant partition key | Increase item size unnecessarily | Use security groups
SAA-123,Performance,24,DynamoDB,Accelerate repeated DynamoDB reads,microsecond cached reads are required,Use DynamoDB Accelerator (DAX),DAX provides a managed in-memory cache compatible with DynamoDB APIs.,Use RDS Proxy | Use CloudFront for arbitrary table queries | Use EBS Multi-Attach
SAA-124,Performance,24,DynamoDB,Query by alternate key,application needs efficient access using a nonprimary attribute,Create a global secondary index with an appropriate key,A GSI supports efficient queries using an alternate partition and sort key.,Scan the whole table for every request | Use an S3 index file | Use a security group
SAA-125,Performance,24,DynamoDB,Process item changes,application needs an ordered record of DynamoDB modifications,Enable DynamoDB Streams and consume with Lambda or another service,Streams capture item-level changes for event-driven processing.,Poll full table scans every second | Use CloudTrail as the data stream | Use Route 53
SAA-126,Performance,24,Serverless Performance,Reduce Lambda cold-start impact,latency-sensitive function has initialization delays,Use provisioned concurrency and optimize deployment package and initialization,Provisioned concurrency keeps initialized execution environments ready.,Increase function timeout only | Use reserved concurrency as a cold-start guarantee | Use S3 Glacier
SAA-127,Performance,24,Serverless Performance,Choose Lambda memory for CPU performance,function is CPU-bound and slow,Increase memory and benchmark because CPU allocation scales with memory,Lambda allocates more CPU with higher memory settings.,Set minimum memory for every workload | Use a larger NAT gateway | Use Route 53
SAA-128,Performance,24,Serverless Performance,Process SQS efficiently with Lambda,queue-backed function needs controlled concurrency and batching,"Tune event source batch size, batch window, visibility timeout, and maximum concurrency","Event-source settings balance throughput, retries, and downstream pressure.",Set visibility timeout shorter than function runtime | Invoke one function manually per message | Use CloudFront
SAA-129,Performance,24,Serverless Performance,Stream large payloads without API timeout,long-running request exceeds synchronous API limits,"Use asynchronous processing with SQS, Step Functions, or direct service integration",Asynchronous architecture decouples client response from long work.,Increase API Gateway timeout without limit | Keep the HTTP connection open for hours | Use DNS failover
SAA-130,Performance,24,Serverless Performance,Cache API responses,API Gateway receives repeatable read requests,Enable API Gateway caching where appropriate or place CloudFront in front,Managed caching reduces backend calls and latency.,Disable all cache headers | Use EBS snapshots | Use an SCP
SAA-131,Performance,24,Analytics,Query S3 without loading data,analysts need SQL over files in S3,Use Amazon Athena,Athena performs serverless SQL queries directly against S3 data.,Load every query into RDS first | Use DynamoDB DAX | Use EFS
SAA-132,Performance,24,Analytics,Query S3 from Redshift,warehouse queries must join local tables with archived S3 data,Use Redshift Spectrum,Spectrum queries external S3 tables from Redshift.,Copy all archive data into every compute node manually | Use Route 53 | Use CloudFront signed URLs
SAA-133,Performance,24,Analytics,Optimize Redshift query performance,large warehouse queries need parallel columnar execution,"Use appropriate distribution styles, sort keys, compression, and workload management",Physical design and workload management reduce data movement and scans.,Use row-oriented heap tables only | Use S3 Glacier as active block storage | Use security groups
SAA-134,Performance,24,Analytics,Catalog and transform data,serverless ETL needs schema discovery and incremental processing,"Use AWS Glue crawlers, Data Catalog, jobs, and job bookmarks",Glue provides managed metadata and ETL; bookmarks avoid reprocessing.,Use CloudTrail for ETL | Use NAT Gateway logs | Use Route 53 health checks
SAA-135,Performance,24,Analytics,Deliver streaming records to destinations,"stream data should reach S3, Redshift, or OpenSearch with minimal operations",Use Amazon Data Firehose,"Firehose buffers, transforms optionally, and delivers streams to supported destinations.",Manage custom EC2 consumers only for simple delivery | Use EBS snapshots | Use an ALB
SAA-136,Performance,24,Networking Performance,Increase hybrid bandwidth,on-premises connectivity needs consistent high throughput,Use AWS Direct Connect with suitable capacity and redundancy,Direct Connect provides dedicated connectivity with more consistent performance than internet VPN alone.,Use a single consumer VPN over congested internet | Use S3 lifecycle | Use an IAM role
SAA-137,Performance,24,Networking Performance,Aggregate many VPC connections,large network needs scalable hub-and-spoke routing,Use AWS Transit Gateway,Transit Gateway centralizes routing among many VPC and hybrid attachments.,Create a full mesh of VPC peering connections | Use a single NAT instance as router | Use CloudFront
SAA-138,Performance,24,Networking Performance,Scale NAT egress across AZs,private workloads need resilient high-volume internet egress,Deploy a NAT gateway per AZ and route same-AZ private subnets to it,Per-AZ NAT design avoids cross-AZ dependency and data charges.,Use one NAT gateway for all regions | Put NAT gateway in a private subnet | Use an internet gateway directly on private instances
SAA-139,Performance,24,Networking Performance,Improve S3 upload throughput,very large object upload must use parallel parts and resume failures,Use S3 multipart upload,Multipart upload parallelizes parts and retries failed parts independently.,Upload one multi-terabyte PUT request | Use DynamoDB Streams | Use Route 53
SAA-140,Performance,24,Networking Performance,Resolve network bottlenecks,application needs visibility into accepted and rejected VPC traffic,"Enable VPC Flow Logs and analyze with CloudWatch Logs, S3, or Athena",Flow Logs provide network-flow metadata for diagnosis and capacity analysis.,Use CloudTrail as packet capture | Use KMS aliases | Use S3 versioning
SAA-141,Performance,24,Containers Performance,Scale ECS services by demand,container tasks should scale with request or queue metrics,Use ECS Service Auto Scaling with target tracking or step scaling,Service Auto Scaling adjusts task desired count from CloudWatch metrics.,Resize one task manually every day | Use S3 lifecycle | Use Route 53 only
SAA-142,Performance,24,Containers Performance,Avoid image pull delays,container launches are slow due to large images,"Use smaller layered images, regional ECR, and image caching or SOCI where applicable",Optimized images and pull mechanisms reduce startup time.,Add unused packages to the image | Store images in Glacier | Use an EBS snapshot as registry
SAA-143,Performance,24,Containers Performance,Run bursty containers without host management,short-lived container jobs need elastic compute,Use ECS on Fargate or AWS Batch according to job orchestration needs,Managed compute removes server provisioning and scales per task or job.,Maintain fixed oversized EC2 hosts only | Use CloudFront | Use IAM Identity Center
SAA-144,Performance,24,Containers Performance,Scale Kubernetes pods and nodes,EKS workload needs pod and infrastructure elasticity,Use HPA or KEDA for pods and Cluster Autoscaler or Karpenter for nodes,Separate pod and node scaling responds to workload and scheduling demand.,Use only a larger control plane | Use Route 53 weighted routing | Use S3 Object Lock
SAA-145,Performance,24,Containers Performance,Improve service-to-service discovery,container services need dynamic private discovery,Use AWS Cloud Map or ECS Service Connect,Managed discovery tracks changing task endpoints and provides service connectivity.,Hardcode task IP addresses | Use public DNS for every internal request | Use EBS snapshots
SAA-146,Performance,24,Data Transfer Performance,Transfer NFS data quickly,on-premises NFS data needs accelerated parallel migration,Use AWS DataSync with an agent near the source,DataSync parallelizes and optimizes network transfer with verification.,Use DMS for files | Use CloudFront downloads | Use Route 53 Resolver
SAA-147,Performance,24,Data Transfer Performance,Transfer SMB data quickly,"Windows file shares need migration to S3, EFS, or FSx",Use AWS DataSync with an SMB location and required agent,DataSync supports SMB transfers and preserves selected metadata.,Use DynamoDB export | Use an ALB | Use Kinesis Data Streams
SAA-148,Performance,24,Data Transfer Performance,Move data between AWS storage services,large recurring AWS-to-AWS storage transfer needs managed scheduling and verification,Use AWS DataSync; an agent is often unnecessary for supported AWS service pairs,DataSync manages transfer tasks and validation within the AWS network.,Download and upload through a laptop | Use DMS for every file | Use Route 53
SAA-149,Performance,24,Data Transfer Performance,Optimize DMS full load,database migration full load is slower than required,"Tune replication capacity, parallel load settings, table mappings, and target indexes based on documentation","DMS throughput depends on replication resources, source, target, network, and task settings.",Enable CloudFront | Use an S3 lifecycle rule | Use a NAT instance only
SAA-150,Performance,24,Data Transfer Performance,Reduce DMS CDC latency,ongoing replication lags behind source changes,"Monitor CDCLatencySource and CDCLatencyTarget, size capacity, and address source or target bottlenecks",The latency metrics separate capture delay from target-apply delay.,Restart full load repeatedly | Use S3 Transfer Acceleration | Use Route 53 latency routing
SAA-151,Cost,20,EC2 Cost,Run interruptible batch cheaply,fault-tolerant flexible jobs can be interrupted,Use EC2 Spot Instances or AWS Batch with Spot,Spot uses spare capacity at steep discounts for interruption-tolerant work.,Use Dedicated Hosts | Use On-Demand only without evaluating flexibility | Use provisioned IOPS
SAA-152,Cost,20,EC2 Cost,Discount steady compute usage,baseline compute is predictable for one or three years,Purchase Savings Plans or Reserved Instances according to flexibility needs,Commitment discounts reduce cost for predictable usage.,Use Spot for a noninterruptible singleton without recovery | Use Dedicated Hosts by default | Use S3 Standard
SAA-153,Cost,20,EC2 Cost,Avoid idle development instances,nonproduction instances are used only during business hours,Schedule start and stop and use rightsizing recommendations,Turning off idle compute eliminates unnecessary runtime charges.,Run 24x7 at peak size | Use larger instances | Use Multi-AZ solely for cost reduction
SAA-154,Cost,20,EC2 Cost,Choose burstable instances,small workload has low average CPU with occasional bursts,Use a burstable T-family instance when credit behavior fits,Burstable instances are cost-effective for low baseline utilization.,Use compute-optimized maximum size | Use Dedicated Hosts | Use io2 Block Express
SAA-155,Cost,20,EC2 Cost,License existing software efficiently,commercial software licensing requires host affinity or BYOL control,Evaluate Dedicated Hosts and license-aware placement when required,Dedicated Hosts can support eligible per-socket or per-core licensing models.,Use a NAT gateway for licensing | Use CloudFront | Use S3 One Zone-IA
SAA-156,Cost,20,S3 Cost,Archive rarely accessed data,data retained for years and rarely retrieved,Use S3 Glacier Deep Archive,Deep Archive offers the lowest S3 storage cost with long retrieval times.,Use S3 Standard | Use EFS Standard | Use io2
SAA-157,Cost,20,S3 Cost,Optimize unknown access patterns,object access frequency changes unpredictably,Use S3 Intelligent-Tiering,Intelligent-Tiering automatically moves eligible objects among access tiers.,Keep everything in Standard forever | Use One Zone-IA for irreplaceable data automatically | Use EBS
SAA-158,Cost,20,S3 Cost,Transition aging data,objects become less frequently accessed over time,Use an S3 Lifecycle configuration,Lifecycle rules transition or expire objects based on age and other filters.,Run a daily EC2 script to copy all objects manually | Use Route 53 | Use KMS rotation
SAA-159,Cost,20,S3 Cost,Reduce cost for reproducible infrequent data,data can be recreated and does not require multi-AZ resilience,Use S3 One Zone-IA when retrieval and minimum-duration charges fit,One Zone-IA costs less by storing data in one AZ.,Use it for the only copy of critical backups | Use S3 Standard for known archival only | Use EFS
SAA-160,Cost,20,S3 Cost,Reduce small-object archival overhead,millions of tiny objects are expensive to transition and retrieve,Aggregate objects or evaluate storage-class minimum size and duration economics,Request and minimum-size charges can dominate small-object storage cost.,Transition every tiny temporary object immediately without analysis | Use larger KMS keys | Use Route 53
SAA-161,Cost,20,Database Cost,Reduce variable DynamoDB cost,table traffic is unpredictable and often low,Use on-demand capacity and evaluate auto scaling or reserved capacity for stable workloads,Capacity mode should match predictability and utilization.,Provision permanent peak capacity | Use Multi-AZ RDS | Use EBS io2
SAA-162,Cost,20,Database Cost,Pause infrequently used Aurora,development database has long idle periods,"Use Aurora Serverless v2 scaling and supported minimum capacity, or schedule/stop eligible databases",Elastic capacity or stopping reduces idle database cost.,Run the largest provisioned cluster continuously | Add more replicas | Use a Dedicated Host
SAA-163,Cost,20,Database Cost,Offload reads cost-effectively,database writer is oversized because of read traffic,Use read replicas or caching and rightsize the writer,Separating reads or caching can avoid scaling the primary vertically.,Enable Multi-AZ only and expect read scaling on passive standby | Increase retention | Use S3 Glacier
SAA-164,Cost,20,Database Cost,Choose Aurora I/O pricing model,Aurora workload has high I/O charges and predictable characteristics,Compare Aurora Standard and I/O-Optimized using measured I/O cost,I/O-Optimized can lower total cost for I/O-intensive workloads.,Always choose one model regardless of workload | Use DynamoDB DAX for Aurora | Use CloudFront
SAA-165,Cost,20,Database Cost,Retire unused database snapshots,old manual snapshots accumulate indefinitely,Apply retention governance and delete unneeded manual snapshots after validation,Manual snapshots persist and incur storage until deleted.,Disable all backups | Delete the only recovery copy | Increase instance size
SAA-166,Cost,20,Network Cost,Avoid NAT charges for AWS services,private workloads access S3 or DynamoDB frequently,Use gateway VPC endpoints for S3 and DynamoDB,Gateway endpoints avoid NAT processing and internet paths.,Route through NAT gateway | Assign public IPs to all instances | Use Global Accelerator
SAA-167,Cost,20,Network Cost,Avoid cross-AZ NAT charges,private subnets in many AZs use one NAT gateway,Use a NAT gateway in each AZ with same-AZ routing,This avoids cross-AZ data transfer and improves resilience.,Send every AZ through one remote NAT gateway | Put NAT gateway in a private subnet | Use Direct Connect gateway
SAA-168,Cost,20,Network Cost,Reduce internet data transfer,global users download repeated content,Use CloudFront caching,CloudFront reduces origin egress and can have favorable transfer pricing.,Serve every request directly from EC2 | Use a larger database | Use EBS snapshots
SAA-169,Cost,20,Network Cost,Reduce hybrid transfer cost,large steady on-premises traffic uses internet egress,Evaluate Direct Connect pricing and keep resources in appropriate regions,Dedicated connectivity and regional placement can reduce transfer cost at scale.,Use cross-region paths unnecessarily | Use NAT gateways in series | Use S3 versioning
SAA-170,Cost,20,Network Cost,Avoid inter-region transfer,chatty tiers are deployed in different regions without a resilience requirement,Co-locate tightly coupled tiers in the same region and often the same AZ where resilience permits,Inter-region and cross-AZ traffic can add transfer charges.,Scatter all components globally by default | Use Global Accelerator for internal database calls | Use CloudTrail
SAA-171,Cost,20,Serverless and Containers Cost,Optimize Lambda cost,function duration and memory are inefficient,"Use AWS Lambda Power Tuning and optimize code, memory, and architecture",Benchmarking identifies the lowest-cost configuration for required performance.,Always select maximum memory without measuring | Keep idle EC2 hosts for every function | Use Dedicated Hosts
SAA-172,Cost,20,Serverless and Containers Cost,Use Graviton for compatible workloads,compute workload can run on Arm architecture,"Use Graviton-based EC2, RDS, or container compute where supported",Graviton often provides better price-performance for compatible workloads.,Emulate x86 unnecessarily | Use GPU instances | Use io2
SAA-173,Cost,20,Serverless and Containers Cost,Reduce Fargate steady-state cost,large stable container service runs continuously,"Compare Fargate Savings Plans, Graviton, and EC2 capacity for the utilization pattern",Steady workloads may benefit from commitments or EC2-based density.,Use only Fargate Spot for noninterruptible critical tasks | Use one task per host with no bin packing | Use S3 Glacier
SAA-174,Cost,20,Serverless and Containers Cost,Run fault-tolerant Fargate tasks cheaply,interruptible container workers process queued jobs,Use Fargate Spot with standard Fargate fallback where needed,Fargate Spot reduces compute cost for interruption-tolerant tasks.,Use it for singleton stateful databases | Use Dedicated Hosts | Use provisioned IOPS
SAA-175,Cost,20,Serverless and Containers Cost,Reduce API idle cost,low-traffic API does not justify always-on servers,Use API Gateway with Lambda or another pay-per-use integration,Serverless request-based pricing avoids idle instance cost.,Run a large fixed fleet continuously | Use Direct Connect | Use EFS provisioned throughput
SAA-176,Cost,20,Storage and Backup Cost,Rightsize EBS volumes,volumes have unused capacity or overprovisioned performance,"Use CloudWatch and Compute Optimizer guidance, then modify volume type, size, IOPS, or throughput",EBS elastic volumes allow tuning without replacing the instance in many cases.,Keep oversized io2 forever | Use a NAT gateway | Use Route 53
SAA-177,Cost,20,Storage and Backup Cost,Choose EFS throughput mode,file system has bursty or predictable throughput,"Select elastic, bursting, or provisioned throughput based on measured workload",Correct throughput mode avoids overpaying while meeting demand.,Always use maximum provisioned throughput | Use S3 Object Lock | Use a Dedicated Host
SAA-178,Cost,20,Storage and Backup Cost,Move cold EFS files,most files become infrequently accessed,Enable EFS lifecycle management to IA or Archive classes,Lifecycle management reduces cost for cold file data.,Copy files manually to instance store | Use Route 53 failover | Use KMS aliases
SAA-179,Cost,20,Storage and Backup Cost,Centralize snapshot retention,many teams retain snapshots indefinitely,Use AWS Backup policies and lifecycle rules to cold storage or expiration,Central policies enforce consistent retention and reduce sprawl.,Disable all backups | Keep every hourly snapshot forever | Use CloudFront
SAA-180,Cost,20,Storage and Backup Cost,Avoid duplicate backup copies,multiple overlapping backup tools protect the same resources,Inventory recovery requirements and consolidate schedules in AWS Backup where suitable,Removing redundant copies lowers storage cost without sacrificing defined recovery objectives.,Delete backups without testing | Keep every tool at maximum retention | Use Global Accelerator
SAA-181,Cost,20,Observability and Governance Cost,Set proactive budget alerts,teams must know before monthly spend exceeds limits,Use AWS Budgets with actual and forecast alerts,Budgets tracks spend and usage against thresholds.,Use CloudTrail only | Use security groups | Use Route 53
SAA-182,Cost,20,Observability and Governance Cost,Detect cost anomalies,unexpected service-level spending must be identified automatically,Use AWS Cost Anomaly Detection,The service models normal spend and alerts on unusual changes.,Review invoices once a year | Use GuardDuty | Use EBS encryption
SAA-183,Cost,20,Observability and Governance Cost,Analyze detailed spend,"finance needs account, service, tag, and usage-level cost analysis",Enable the Cost and Usage Report and query it with Athena or another analytics tool,CUR provides the most detailed billing and usage data.,Use only the EC2 console total | Use CloudFront logs | Use an NACL
SAA-184,Cost,20,Observability and Governance Cost,Allocate shared costs,business units need chargeback by workload,Use enforced cost allocation tags and account or organizational structure,Consistent tags and accounts map usage to owners.,Use random resource names | Share one untagged account | Use S3 ACLs
SAA-185,Cost,20,Observability and Governance Cost,Act on rightsizing recommendations,resources are consistently underutilized,Use AWS Compute Optimizer and validate recommendations against workload requirements,Compute Optimizer analyzes metrics and recommends resource shapes.,Resize solely from one CPU sample | Use Macie | Use Route 53 Resolver
SAA-186,Cost,20,Migration Cost,Choose online file transfer,moderate dataset fits migration window over available network,Use AWS DataSync and schedule transfers,DataSync avoids appliance shipping when bandwidth and time are sufficient.,Use Snowball for a few gigabytes by default | Use DMS for files | Use CloudFront
SAA-187,Cost,20,Migration Cost,Choose offline bulk transfer,very large dataset cannot finish over the network in time,Use AWS Snowball Edge or another Snow Family option,Offline appliances can be cheaper and faster than prolonged network transfer.,Use repeated email attachments | Use Route 53 | Use a NAT gateway only
SAA-188,Cost,20,Migration Cost,Minimize database migration downtime,database is large and business downtime is expensive,Use DMS full load plus CDC and perform a controlled cutover,Ongoing replication reduces the final outage window.,Stop the source for the entire multi-day copy | Use DataSync | Use S3 website hosting
SAA-189,Cost,20,Migration Cost,Avoid overprovisioned DMS capacity,migration task has long idle periods or uncertain capacity needs,Evaluate AWS DMS Serverless or rightsize replication instances,Elastic or right-sized replication avoids paying for unnecessary capacity.,Always choose the largest replication instance | Use a Dedicated Host | Use CloudFront
SAA-190,Cost,20,Migration Cost,Stop migration resources after cutover,DMS replication and staging resources are no longer required,"Validate cutover, then stop or delete unneeded replication resources and snapshots according to retention policy",Migration infrastructure continues incurring charges after project completion.,Leave all tasks running forever | Delete all audit records | Use Route 53 latency routing
SAA-191,Cost,20,Architecture Tradeoffs,Choose managed services to reduce operations,small team cannot maintain undifferentiated infrastructure,Use managed or serverless services when their total cost is lower,"Total cost includes labor, patching, availability engineering, and idle capacity.",Choose self-managed clusters solely on hourly price | Ignore operational effort | Use Dedicated Hosts everywhere
SAA-192,Cost,20,Architecture Tradeoffs,Avoid premature multi-region,workload has no regional RTO requirement but is duplicated globally,Use Multi-AZ in one region and add multi-region only when justified by requirements,"Regional duplication adds compute, storage, data-transfer, and operational cost.",Deploy active-active globally by default | Use one AZ only for all critical workloads | Disable backups
SAA-193,Cost,20,Architecture Tradeoffs,Match DR strategy to objectives,business specifies relaxed RTO and RPO,"Choose backup-and-restore, pilot light, warm standby, or active-active based on measured objectives",DR cost rises as RTO and RPO become more aggressive.,Always select active-active | Always select backup-only | Ignore recovery testing
SAA-194,Cost,20,Architecture Tradeoffs,Use caching before vertical scaling,backend repeatedly computes identical results,Add a suitable cache and rightsize backend capacity,Caching can reduce expensive repeated compute and database work.,Scale every backend to maximum size | Use Multi-AZ as a cache | Use S3 Object Lock
SAA-195,Cost,20,Architecture Tradeoffs,Use lifecycle cleanup for temporary resources,ephemeral artifacts and logs accumulate,Apply expiration policies and automated cleanup with safeguards,Automated retention prevents indefinite storage growth.,Keep all temporary files forever | Delete compliance records immediately | Use Global Accelerator
SAA-196,Security,30,Advanced Identity,Require MFA for privileged actions,administrators must use a second factor before sensitive API calls,Use IAM policy conditions that require aws:MultiFactorAuthPresent and enforce MFA-enabled access paths,MFA conditions can deny privileged actions when the session lacks MFA context.,Rely on password complexity alone | Use a security group | Use S3 versioning
SAA-197,Security,30,Advanced Identity,Limit delegated role creation,developers may create roles but must not exceed an approved permission ceiling,Require a permissions boundary on delegated IAM roles,A permissions boundary limits the maximum effective permissions of roles users create.,Use an SCP only inside one IAM user | Give developers AdministratorAccess | Use a network ACL
SAA-198,Security,30,Advanced Identity,Prevent confused deputy access,third-party SaaS assumes a customer role across many accounts,Require a unique external ID in the role trust policy,The external ID helps prevent another customer from tricking the third party into assuming the role.,Share root credentials | Use an Elastic IP allowlist only | Use a bucket ACL
SAA-199,Security,30,Advanced Identity,Restrict role session duration,temporary privileged sessions must expire quickly,Set the role maximum session duration and request an appropriately short session,STS role credentials expire automatically according to configured session limits.,Create permanent IAM users | Store access keys in Secrets Manager forever | Use Route 53 TTL
SAA-200,Security,30,Advanced Identity,Control federated session attributes,authorization depends on department and project attributes from the identity provider,Use session tags and ABAC policies,Session tags carry identity attributes into policy evaluation for attribute-based access control.,Create one IAM user per attribute combination | Use security groups for business attributes | Use S3 lifecycle rules
SAA-201,Security,30,Data Protection,Encrypt data before upload,organization requires encryption under application-controlled keys before data reaches AWS,Use client-side encryption with an approved key-management process,Client-side encryption protects data before transmission and leaves key control with the application.,Use HTTP with SSE-S3 | Use a public bucket | Use an NACL
SAA-202,Security,30,Data Protection,Restrict KMS use by context,a KMS key should decrypt only objects from a particular S3 bucket,Use KMS encryption-context conditions in the key policy,Encryption context can bind cryptographic authorization to expected resource metadata.,Use only the key alias name | Use a security group | Use Route 53 DNSSEC
SAA-203,Security,30,Data Protection,Separate key administration from key use,security administrators manage keys but application operators may encrypt and decrypt,Use distinct KMS key administrators and key users in the key policy,Separation of duties prevents key administrators from automatically receiving data-use permission.,Give everyone kms:* | Use one root access key | Disable CloudTrail
SAA-204,Security,30,Data Protection,Protect secrets from accidental logging,applications retrieve credentials but must not expose them in logs,Retrieve secrets at runtime and redact secret values from application and tracing logs,Runtime retrieval and redaction reduce credential persistence and leakage.,Print the secret for debugging | Store the secret in user data | Put the secret in a public parameter
SAA-205,Security,30,Data Protection,Discover unencrypted resources,security team needs continuous identification of storage resources without encryption,Use AWS Config managed rules and Security Hub findings,Config and Security Hub can identify and aggregate encryption-compliance findings.,Use CloudFront metrics | Use Route 53 health checks | Use an Auto Scaling policy
SAA-206,Security,30,API and Application Security,Authorize API requests with tokens,API Gateway must validate JWTs issued by a managed user directory,Use an API Gateway JWT or Cognito user-pool authorizer,The authorizer validates tokens before the request reaches the backend.,Create IAM users for every public user | Use an ALB health check | Use a NAT gateway
SAA-207,Security,30,API and Application Security,Protect public APIs from abuse,public API needs per-client quotas and rate controls,"Use API Gateway usage plans, API keys where appropriate, and throttling",Usage plans and throttling constrain request volume; keys identify consuming applications rather than provide full authentication.,Use security groups on public clients | Increase Lambda timeout | Use S3 versioning
SAA-208,Security,30,API and Application Security,Store web session state securely,distributed web tier needs server-side session storage with expiration,"Use ElastiCache or DynamoDB with encryption, least privilege, and TTL as appropriate",A managed shared store avoids local-session dependence and can enforce automatic expiration.,Store sessions on instance store only | Put session IDs in public S3 objects | Use Route 53 weighted records
SAA-209,Security,30,API and Application Security,Validate container images before deployment,organization must block vulnerable or unapproved images,Use ECR image scanning and deployment-policy controls,ECR scanning identifies vulnerabilities and pipeline controls can prevent promotion of failing images.,Use CloudFront signed URLs | Use a NAT gateway | Use S3 lifecycle rules
SAA-210,Security,30,API and Application Security,Protect application secrets in ECS,ECS tasks need database credentials without putting them in task-definition plaintext,Reference Secrets Manager or Parameter Store secrets from the task definition and grant the task role access,ECS can inject or retrieve managed secrets while IAM limits access.,Bake passwords into the image | Use the execution-role access key in code | Publish credentials in environment documentation
SAA-211,Security,30,Logging and Incident Response,Aggregate security findings,security team needs one place for findings from multiple AWS security services,Use AWS Security Hub with delegated administration and organization integration,Security Hub normalizes and aggregates supported findings across accounts and regions.,Use CloudWatch metrics only | Use Route 53 Resolver | Use S3 Transfer Acceleration
SAA-212,Security,30,Logging and Incident Response,Automate finding remediation,specific security findings should trigger repeatable corrective actions,Use EventBridge with Systems Manager Automation or Lambda remediation targets,Event-driven remediation can respond consistently to findings.,Wait for a monthly manual review | Use an EBS snapshot | Use a NAT instance
SAA-213,Security,30,Logging and Incident Response,Investigate unauthorized API calls,"incident responder needs identity, source IP, time, and request parameters",Search CloudTrail Lake or centralized CloudTrail logs,CloudTrail records the API caller and request context needed for investigation.,Use VPC Flow Logs alone for API identity | Use S3 Inventory | Use Route 53 query logs only
SAA-214,Security,30,Logging and Incident Response,Retain logs immutably,audit logs must be protected against alteration for years,"Store them in a dedicated S3 bucket with Object Lock, versioning, encryption, and restrictive policies",Immutable storage and account separation protect evidentiary logs.,Store only on EC2 root volumes | Allow all administrators to delete logs | Expire logs after one day
SAA-215,Security,30,Logging and Incident Response,Detect public exposure centrally,"organization needs findings for public buckets, snapshots, and other exposed resources",Use IAM Access Analyzer and Security Hub or Config controls,Access Analyzer identifies resource policies that grant external access.,Use Compute Optimizer | Use an ALB | Use DynamoDB TTL
SAA-216,Security,30,Hybrid and Perimeter Security,Encrypt Site-to-Site VPN traffic,on-premises network needs encrypted connectivity to a VPC over the internet,Use AWS Site-to-Site VPN with redundant tunnels,Site-to-Site VPN provides IPsec-encrypted tunnels and redundant endpoints.,Use Direct Connect without MACsec or VPN and assume encryption | Use a NAT gateway | Use S3 Transfer Acceleration
SAA-217,Security,30,Hybrid and Perimeter Security,Add encryption to Direct Connect,private circuit traffic requires encryption in transit,Use MACsec on supported Direct Connect connections or a VPN over Direct Connect,Direct Connect is private but not inherently encrypted; MACsec or IPsec adds encryption.,Use a security group as link encryption | Use KMS on route tables | Use Route 53 DNSSEC
SAA-218,Security,30,Hybrid and Perimeter Security,Restrict outbound domains,workloads may access only approved external domains,Use AWS Network Firewall domain-list rules and controlled egress routing,Managed firewall rules can filter outbound traffic by domain and protocol.,Use IAM policies to filter arbitrary internet domains | Use S3 ACLs | Use CloudTrail only
SAA-219,Security,30,Hybrid and Perimeter Security,Protect DNS integrity,public hosted zone needs signed DNS responses,Enable DNSSEC signing in Route 53 and configure the parent delegation,DNSSEC lets resolvers validate authenticity of DNS records.,Use ACM certificates for DNS responses | Use an NACL | Use S3 Object Lock
SAA-220,Security,30,Hybrid and Perimeter Security,Control VPC endpoint access,private endpoint should allow only approved actions and resources,Apply a restrictive VPC endpoint policy in addition to identity and resource policies,Endpoint policies add a control layer for traffic using the endpoint.,Make the endpoint public | Use only route-table names | Use CloudFront cache policies
SAA-221,Resilience,26,Advanced Database Recovery,Perform controlled DMS cutover,live migration has reached low CDC latency and applications must move safely,"Quiesce writes, allow DMS to catch up, validate, then redirect applications to the target",A controlled cutover avoids lost writes and confirms target consistency.,Redirect while source writes continue with no coordination | Stop the replication task before it catches up | Use DataSync for database logs
SAA-222,Resilience,26,Advanced Database Recovery,Validate DMS migration data,migration team must confirm source and target rows match,Enable AWS DMS data validation and monitor validation statistics,DMS validation compares migrated data and reports mismatches.,Compare only database names | Use CloudFront logs | Use Route 53 health checks
SAA-223,Resilience,26,Advanced Database Recovery,Provide DMS high availability,long-running migration must tolerate replication-host failure,Use a Multi-AZ DMS replication configuration or suitable serverless architecture,Multi-AZ replication capacity reduces interruption from infrastructure failure.,Run one undersized single-AZ instance with no restart plan | Use S3 versioning | Use an ALB
SAA-224,Resilience,26,Advanced Database Recovery,Resume DataSync transfers safely,large file migration may be interrupted and must continue efficiently,Rerun the DataSync task so it transfers changed or missing data and verifies according to task settings,DataSync incremental behavior avoids retransferring unchanged files unnecessarily.,Restart by deleting the destination | Use DMS CDC | Use Route 53 weighted routing
SAA-225,Resilience,26,Advanced Database Recovery,Schedule recurring DataSync jobs,file systems require nightly incremental synchronization,Create a DataSync task with a schedule and monitoring,Scheduled tasks automate recurring transfer and verification.,Use a manual laptop copy | Use CloudFront invalidations | Use an IAM user cron key
SAA-226,Resilience,26,Application Recovery Patterns,Use idempotent consumers,message delivery can be repeated after retries,Design consumers with idempotency keys or conditional writes,Idempotent processing prevents duplicate delivery from causing duplicate business effects.,Assume every distributed message arrives exactly once | Disable retries | Use one larger instance
SAA-227,Resilience,26,Application Recovery Patterns,Select a safe SQS visibility timeout,consumer processing sometimes takes several minutes,Set visibility timeout longer than normal processing and extend it when needed,The timeout prevents another consumer from receiving a message still being processed.,Set the timeout to zero | Delete before processing starts | Use an S3 lifecycle rule
SAA-228,Resilience,26,Application Recovery Patterns,Preserve events during consumer outage,event consumers may be unavailable for hours,Use durable queues or streams with sufficient retention,Retention allows consumers to catch up after recovery.,Use transient HTTP callbacks only | Store events in instance memory | Use Route 53 latency routing
SAA-229,Resilience,26,Application Recovery Patterns,Use circuit breaking,downstream service failures cause cascading request exhaustion,"Implement timeouts, bounded retries with jitter, and circuit-breaker behavior",These patterns stop repeated failing calls from consuming all resources.,Retry forever with no delay | Increase every timeout indefinitely | Disable health checks
SAA-230,Resilience,26,Application Recovery Patterns,Gracefully degrade reads,noncritical dependency is unavailable but core application should remain usable,Use cached or stale data and feature isolation where business rules permit,Graceful degradation preserves core capability during partial failures.,Fail the entire application for every optional dependency | Delete caches | Use one AZ
SAA-231,Resilience,26,Infrastructure Recovery,Recreate infrastructure consistently,regional recovery needs repeatable resource creation,Use infrastructure as code with tested deployment pipelines,Versioned templates make recovery repeatable and reduce manual configuration drift.,Rely on undocumented console clicks | Store configuration only on one laptop | Use an Elastic IP as the DR plan
SAA-232,Resilience,26,Infrastructure Recovery,Recover EC2 configuration,instances must be rebuilt with application and configuration dependencies,Maintain patched AMIs plus bootstrapping and externalized configuration,Golden images and automation reduce recovery time while avoiding unique pets.,Make manual changes directly on every server | Use instance store as backup | Disable snapshots
SAA-233,Resilience,26,Infrastructure Recovery,Test disaster recovery regularly,business must verify stated RTO and RPO,Run scheduled recovery exercises and measure actual results,"Only testing verifies that backups, automation, and dependencies meet recovery objectives.",Assume backups guarantee recovery | Test only DNS records | Never restore production-like data
SAA-234,Resilience,26,Infrastructure Recovery,Preserve application state during AZ loss,stateful service uses local data but must survive host and AZ failure,Replicate state to a multi-AZ managed data store or application-level replicas,State must exist outside a single host and AZ to survive failure.,Store the only copy on instance store | Use a larger EC2 instance | Use a public IP
SAA-235,Resilience,26,Infrastructure Recovery,Recover Route 53 control plane changes,critical DNS configuration must be auditable and reproducible,Manage records with infrastructure as code and retain CloudTrail history,Versioned definitions and audit history enable rapid restoration of DNS configuration.,Document records only in email | Use an EBS snapshot | Use a NAT gateway
SAA-236,Performance,24,Advanced Database and Cache,Select Redis for advanced caching,"application needs data structures, replication, and persistence options",Use ElastiCache for Redis or MemoryDB according to durability requirements,Redis-compatible services support rich data structures and low-latency access.,Use Memcached for persistence and replication requirements | Use S3 Glacier | Use Route 53
SAA-237,Performance,24,Advanced Database and Cache,Select Memcached for simple scale-out cache,application needs a simple multithreaded ephemeral object cache,Use ElastiCache for Memcached,Memcached provides simple distributed caching without Redis persistence features.,Use RDS Multi-AZ as a cache | Use EBS snapshots | Use CloudTrail
SAA-238,Performance,24,Advanced Database and Cache,Prevent cache stampede,many clients request the same expired key simultaneously,"Use TTL jitter, request coalescing, or stale-while-revalidate patterns",These patterns prevent synchronized misses from overwhelming the backend.,Set every key to expire at the same instant | Disable caching | Increase DNS TTL
SAA-239,Performance,24,Advanced Database and Cache,Use DynamoDB parallel scan carefully,batch analytics must read an entire large table faster,Use parallel Scan with controlled segments and capacity impact,Parallel scan can increase throughput but consumes significant read capacity and is not a substitute for key-based queries.,Use parallel scan for every online request | Use CloudFront | Use a NAT gateway
SAA-240,Performance,24,Advanced Database and Cache,Optimize Aurora connection failover,high-throughput applications need fast connection recovery,Use RDS Proxy or cluster-aware drivers with retries and appropriate DNS handling,Connection management and topology awareness reduce disruption after failover.,Hardcode instance IPs | Disable retries | Use S3 Transfer Acceleration
SAA-241,Performance,24,Advanced Networking,Use jumbo frames appropriately,high-throughput traffic between compatible VPC resources needs lower packet overhead,Use jumbo frames end to end only where every path component supports the MTU,A consistent larger MTU reduces packet overhead; mismatches cause fragmentation or drops.,Set a larger MTU on one endpoint only | Use Route 53 weighted routing | Use KMS
SAA-242,Performance,24,Advanced Networking,Balance zonal traffic efficiently,load balancer should distribute to healthy targets across enabled AZs,Configure targets and cross-zone behavior appropriate to the load balancer type and cost model,Correct zonal configuration balances traffic while considering cross-AZ charges.,Register targets in one AZ only | Use a single Elastic IP as load balancing | Use S3 lifecycle
SAA-243,Performance,24,Advanced Networking,Choose NLB for extreme connection performance,application needs static IP support and layer-4 high throughput,Use a Network Load Balancer,"NLB handles TCP, TLS, and UDP at high scale with zonal static IP capabilities.",Use API Gateway for arbitrary UDP | Use an ALB for source-IP preservation in every protocol without analysis | Use EFS
SAA-244,Performance,24,Advanced Networking,Choose ALB for HTTP routing,"application needs host, path, header, or method-based routing",Use an Application Load Balancer,ALB provides layer-7 routing and integrates with web-oriented targets.,Use NLB for path rules | Use a NAT gateway | Use an S3 bucket policy
SAA-245,Performance,24,Advanced Networking,Reduce hybrid DNS latency,frequent on-premises DNS queries resolve private AWS names,Deploy redundant Route 53 Resolver endpoints in suitable subnets and cache responses on-premises,Redundant endpoints and local caching improve DNS availability and latency.,Send every query to a public resolver | Use CloudFront | Use EBS Multi-Attach
SAA-246,Cost,20,Advanced Cost Controls,Limit costly resource creation,teams must not launch disallowed expensive instance families,"Use SCPs, IAM conditions, and service quotas as preventive controls",Preventive controls reduce accidental spend before resources are created.,Rely only on month-end reports | Use a security group | Use Route 53 health checks
SAA-247,Cost,20,Advanced Cost Controls,Select regional pricing consciously,flexible workload can run in multiple regions with different prices,"Compare regional service, data-transfer, and compliance costs before placement","AWS prices and transfer patterns vary by region, but requirements must remain satisfied.",Choose the farthest region solely for a lower instance price | Ignore latency and transfer charges | Use one AZ
SAA-248,Cost,20,Advanced Cost Controls,Reduce log ingestion cost,verbose application logs create large CloudWatch charges,"Set appropriate log levels, retention, filtering, and archival strategy",Controlling volume and retention reduces ingestion and storage without losing required observability.,Log every payload forever | Disable all operational logs | Use Dedicated Hosts
SAA-249,Cost,20,Advanced Cost Controls,Use Compute Savings Plans flexibly,"steady compute spans EC2, Fargate, and Lambda",Evaluate a Compute Savings Plan for broad eligible usage flexibility,Compute Savings Plans apply across multiple compute services and instance choices.,Buy Dedicated Hosts for serverless usage | Use Spot commitments | Use S3 Intelligent-Tiering
SAA-250,Cost,20,Advanced Cost Controls,Avoid orphaned resources,"detached volumes, idle load balancers, and unused IPs continue billing","Use tagging, Config, Trusted Advisor, and automation to find and remove verified orphaned resources",Lifecycle governance prevents forgotten resources from accumulating charges.,Delete all resources without ownership checks | Use CloudFront invalidations | Use KMS rotation
